{
  "tileSize": 64,
  "width": 512,
  "height": 448,
  "blocks": {
    "bedrock": {
      "x": 0,
      "y": 0,
      "width": 64,
      "height": 64,
      "u": 0.0,
      "v": 0.0
    },
    "boat": {
      "x": 64,
      "y": 0,
      "width": 64,
      "height": 64,
      "u": 0.125,
      "v": 0.0
    },
    "bucket": {
      "x": 128,
      "y": 0,
      "width": 64,
      "height": 64,
      "u": 0.25,
      "v": 0.0
    },
    "charcoal": {
      "x": 192,
      "y": 0,
      "width": 64,
      "height": 64,
      "u": 0.375,
      "v": 0.0
    },
    "charcoal_jungle": {
      "x": 256,
      "y": 0,
      "width": 64,
      "height": 64,
      "u": 0.5,
      "v": 0.0
    },
    "charcoal_spruce": {
      "x": 320,
      "y": 0,
      "width": 64,
      "height": 64,
      "u": 0.625,
      "v": 0.0
    },
    "coal_ore": {
      "x": 384,
      "y": 0,
      "width": 64,
      "height": 64,
      "u": 0.75,
      "v": 0.0
    },
    "cobblestone": {
      "x": 448,
      "y": 0,
      "width": 64,
      "height": 64,
      "u": 0.875,
      "v": 0.0
    },
    "cooked_beef": {
      "x": 0,
      "y": 64,
      "width": 64,
      "height": 64,
      "u": 0.0,
      "v": 0.14285714285714285
    },
    "cooked_chicken": {
      "x": 64,
      "y": 64,
      "width": 64,
      "height": 64,
      "u": 0.125,
      "v": 0.14285714285714285
    },
    "cooked_fish": {
      "x": 128,
      "y": 64,
      "width": 64,
      "height": 64,
      "u": 0.25,
      "v": 0.14285714285714285
    },
    "cooked_mutton": {
      "x": 192,
      "y": 64,
      "width": 64,
      "height": 64,
      "u": 0.375,
      "v": 0.14285714285714285
    },
    "cooked_porkchop": {
      "x": 256,
      "y": 64,
      "width": 64,
      "height": 64,
      "u": 0.5,
      "v": 0.14285714285714285
    },
    "copper_ingot": {
      "x": 320,
      "y": 64,
      "width": 64,
      "height": 64,
      "u": 0.625,
      "v": 0.14285714285714285
    },
    "copper_ore": {
      "x": 384,
      "y": 64,
      "width": 64,
      "height": 64,
      "u": 0.75,
      "v": 0.14285714285714285
    },
    "crafting_table": {
      "x": 448,
      "y": 64,
      "width": 64,
      "height": 64,
      "u": 0.875,
      "v": 0.14285714285714285
    },
    "diamond_ore": {
      "x": 0,
      "y": 128,
      "width": 64,
      "height": 64,
      "u": 0.0,
      "v": 0.2857142857142857
    },
    "dirt": {
      "x": 64,
      "y": 128,
      "width": 64,
      "height": 64,
      "u": 0.125,
      "v": 0.2857142857142857
    },
    "emerald_ore": {
      "x": 128,
      "y": 128,
      "width": 64,
      "height": 64,
      "u": 0.25,
      "v": 0.2857142857142857
    },
    "frozen_grass": {
      "x": 192,
      "y": 128,
      "width": 64,
      "height": 64,
      "u": 0.375,
      "v": 0.2857142857142857
    },
    "furnace": {
      "x": 256,
      "y": 128,
      "width": 64,
      "height": 64,
      "u": 0.5,
      "v": 0.2857142857142857
    },
    "glass": {
      "x": 320,
      "y": 128,
      "width": 64,
      "height": 64,
      "u": 0.625,
      "v": 0.2857142857142857
    },
    "gold_ingot": {
      "x": 384,
      "y": 128,
      "width": 64,
      "height": 64,
      "u": 0.75,
      "v": 0.2857142857142857
    },
    "gold_ore": {
      "x": 448,
      "y": 128,
      "width": 64,
      "height": 64,
      "u": 0.875,
      "v": 0.2857142857142857
    },
    "grass": {
      "x": 0,
      "y": 192,
      "width": 64,
      "height": 64,
      "u": 0.0,
      "v": 0.42857142857142855
    },
    "ice": {
      "x": 64,
      "y": 192,
      "width": 64,
      "height": 64,
      "u": 0.125,
      "v": 0.42857142857142855
    },
    "iron_ingot": {
      "x": 128,
      "y": 192,
      "width": 64,
      "height": 64,
      "u": 0.25,
      "v": 0.42857142857142855
    },
    "iron_ore": {
      "x": 192,
      "y": 192,
      "width": 64,
      "height": 64,
      "u": 0.375,
      "v": 0.42857142857142855
    },
    "jungle_leaves": {
      "x": 256,
      "y": 192,
      "width": 64,
      "height": 64,
      "u": 0.5,
      "v": 0.42857142857142855
    },
    "jungle_planks": {
      "x": 320,
      "y": 192,
      "width": 64,
      "height": 64,
      "u": 0.625,
      "v": 0.42857142857142855
    },
    "jungle_wood": {
      "x": 384,
      "y": 192,
      "width": 64,
      "height": 64,
      "u": 0.75,
      "v": 0.42857142857142855
    },
    "kelp": {
      "x": 448,
      "y": 192,
      "width": 64,
      "height": 64,
      "u": 0.875,
      "v": 0.42857142857142855
    },
    "leaves": {
      "x": 0,
      "y": 256,
      "width": 64,
      "height": 64,
      "u": 0.0,
      "v": 0.5714285714285714
    },
    "planks": {
      "x": 64,
      "y": 256,
      "width": 64,
      "height": 64,
      "u": 0.125,
      "v": 0.5714285714285714
    },
    "redstone_ore": {
      "x": 128,
      "y": 256,
      "width": 64,
      "height": 64,
      "u": 0.25,
      "v": 0.5714285714285714
    },
    "sand": {
      "x": 192,
      "y": 256,
      "width": 64,
      "height": 64,
      "u": 0.375,
      "v": 0.5714285714285714
    },
    "sandstone": {
      "x": 256,
      "y": 256,
      "width": 64,
      "height": 64,
      "u": 0.5,
      "v": 0.5714285714285714
    },
    "seagrass": {
      "x": 320,
      "y": 256,
      "width": 64,
      "height": 64,
      "u": 0.625,
      "v": 0.5714285714285714
    },
    "snow": {
      "x": 384,
      "y": 256,
      "width": 64,
      "height": 64,
      "u": 0.75,
      "v": 0.5714285714285714
    },
    "spruce_leaves": {
      "x": 448,
      "y": 256,
      "width": 64,
      "height": 64,
      "u": 0.875,
      "v": 0.5714285714285714
    },
    "spruce_planks": {
      "x": 0,
      "y": 320,
      "width": 64,
      "height": 64,
      "u": 0.0,
      "v": 0.7142857142857143
    },
    "spruce_wood": {
      "x": 64,
      "y": 320,
      "width": 64,
      "height": 64,
      "u": 0.125,
      "v": 0.7142857142857143
    },
    "sticks": {
      "x": 128,
      "y": 320,
      "width": 64,
      "height": 64,
      "u": 0.25,
      "v": 0.7142857142857143
    },
    "stone": {
      "x": 192,
      "y": 320,
      "width": 64,
      "height": 64,
      "u": 0.375,
      "v": 0.7142857142857143
    },
    "torch": {
      "x": 256,
      "y": 320,
      "width": 64,
      "height": 64,
      "u": 0.5,
      "v": 0.7142857142857143
    },
    "torch_charcoal": {
      "x": 320,
      "y": 320,
      "width": 64,
      "height": 64,
      "u": 0.625,
      "v": 0.7142857142857143
    },
    "torch_coal": {
      "x": 384,
      "y": 320,
      "width": 64,
      "height": 64,
      "u": 0.75,
      "v": 0.7142857142857143
    },
    "water": {
      "x": 448,
      "y": 320,
      "width": 64,
      "height": 64,
      "u": 0.875,
      "v": 0.7142857142857143
    },
    "wood": {
      "x": 0,
      "y": 384,
      "width": 64,
      "height": 64,
      "u": 0.0,
      "v": 0.8571428571428571
    }
  }
}